{
    "description": "项目配置文件，详见文档：https://developers.weixin.qq.com/miniprogram/dev/devtools/projectconfig.html",
    "packOptions": {
        "ignore": [],
        "include": []
    },
    "setting": {
        "urlCheck": false,
        "es6": true,
        "enhance": true,
        "postcss": true,
        "preloadBackgroundData": false,
        "minified": true,
        "newFeature": false,
        "coverView": true,
        "nodeModules": false,
        "autoAudits": false,
        "showShadowRootInWxmlPanel": true,
        "scopeDataCheck": false,
        "uglifyFileName": false,
        "checkInvalidKey": true,
        "checkSiteMap": true,
        "uploadWithSourceMap": true,
        "compileHotReLoad": false,
        "lazyloadPlaceholderEnable": false,
        "useMultiFrameRuntime": true,
        "useApiHook": true,
        "useApiHostProcess": true,
        "babelSetting": {
            "ignore": [],
            "disablePlugins": [],
            "outputPath": ""
        },
        "enableEngineNative": false,
        "useIsolateContext": false,
        "userConfirmedBundleSwitch": false,
        "packNpmManually": true,
        "packNpmRelationList": [
            {
                "packageJsonPath": "./package.json",
                "miniprogramNpmDistDir": "./"
            }
        ],
        "minifyWXSS": true,
        "disableUseStrict": false,
        "minifyWXML": true,
        "showES6CompileOption": false,
        "useCompilerPlugins": false,
        "useStaticServer": true
    },
    "compileType": "miniprogram",
    "libVersion": "2.19.4",
    "appid": "wx1a594fa98b1b2342",
    "projectname": "nocake",
    "editorSetting": {
        "tabIndent": "insertSpaces",
        "tabSize": 2
    },
    "simulatorPluginLibVersion": {},
    "condition": {}
}