{
  "usingComponents": {
    "van-icon": "@vant/weapp/icon/index",
    "van-popup": "@vant/weapp/popup/index",
    "van-card": "@vant/weapp/card/index",
    "van-stepper": "@vant/weapp/stepper/index",
    "van-checkbox": "@vant/weapp/checkbox/index",
    "van-cell-group": "@vant/weapp/cell-group/index",
    "van-checkbox-group": "@vant/weapp/checkbox-group/index",
    "van-goods-action": "@vant/weapp/goods-action/index",
    "van-goods-action-icon": "@vant/weapp/goods-action-icon/index",
    "van-goods-action-button": "@vant/weapp/goods-action-button/index"
  },
  "navigationStyle": "custom",
  "backgroundColor": "#f7f8fa"
}
